"","Df","Sum.Sq","Mean.Sq","F.value","Pr..F."
"Genotype   ",2,23073.6058370827,11536.8029185414,4.21653787253903,0.0160488587408312
"Residuals  ",205,560897.27397061,2736.08426327127,NA,NA
